ClientID,Score,Group
10001,0.11156039468847273,Low
10002,0.2112696220660785,Medium
10003,0.22216766441193703,Medium
10004,0.1133826594366631,Low
10005,0.1115863473104073,Low
10006,0.11595141212491272,Low
10007,0.11107685300935344,Low
10008,0.11479521548629133,Low
10009,0.16136299114918543,Medium
10010,0.11378879543248607,Low
10011,0.11584595796585698,Low
10012,0.11404282876953943,Low
10013,0.11386394547635542,Low
10014,0.11809939800144215,Low
10015,0.1684133057153164,Medium
10016,0.11066233800513739,Low
10017,0.11125493604150491,Low
10018,0.11095279287303896,Low
10019,0.11240388626400447,Low
10020,0.11422085527505943,Low
10021,0.1188433700822486,Low
10022,0.11301297592781478,Low
10023,0.11240388626400447,Low
10024,0.11534317583636157,Low
10025,0.1171784777709377,Low
10026,0.11204274907769383,Low
10027,0.11486020791853974,Low
10028,0.13683997517330854,Low
10029,0.1439966254070167,Low
10030,0.11059777694209744,Low
10031,0.14597469549242906,Low
10032,0.11834195142828317,Low
10033,0.11066233800513739,Low
10034,0.11186286133901276,Low
10035,0.29048984251873167,Medium
10036,0.11186286133901276,Low
10037,0.11107685300935344,Low
10038,0.11506025348273419,Low
10039,0.11698393368588482,Low
10040,0.11441674144250126,Low
10041,0.3207120264229256,High
10042,0.22203349415337983,Medium
10043,0.1452134622515838,Low
10044,0.21597188050601712,Medium
10045,0.35243249219338435,High
10046,0.24564747244508017,Medium
10047,0.11639356089441633,Low
10048,0.32156150312245135,High
10049,0.1141845269199996,Low
10050,0.11404282876953943,Low
10051,0.3205821272563558,High
10052,0.1404898425187317,Low
10053,0.21889468597617018,Medium
10054,0.11618033170575598,Low
10055,0.11437515217824974,Low
10056,0.1133381985627923,Low
10057,0.2437925228749192,Medium
10058,0.11410115699512807,Low
10059,0.14333877026731334,Low
10060,0.24594701873386032,Medium
10061,0.6995189944858955,VeryHigh
10062,0.11344752317533813,Low
10063,0.1903462144819703,Medium
10064,0.22172643465627512,Medium
10065,0.299267611344436,Medium
10066,0.18877884054005928,Medium
10067,0.11512966027228476,Low
10068,0.1714262411993026,Medium
10069,0.24707268788906414,Medium
10070,0.17053733409640986,Medium
10071,0.11367278375708766,Low
10072,0.19680819956816428,Medium
10073,0.14129029738914287,Low
10074,0.13986394944524944,Low
10075,0.11987785061731042,Low
10076,0.1140556048559971,Low
10077,0.243363427390399,Medium
10078,0.11643430903088561,Low
10079,0.1124444255322538,Low
10080,0.11405758027586729,Low
10081,0.6747549006385763,VeryHigh
10082,0.11528557109389374,Low
10083,0.11841994922641208,Low
10084,0.11440481959118437,Low
10085,0.13997177644817643,Low
10086,0.11468182856912362,Low
10087,0.3192277500932861,High
10088,0.2708965855092695,Medium
10089,0.16834199404066474,Medium
10090,0.17349447097686133,Medium
10091,0.16927250494783413,Medium
10092,0.214834044010849,Medium
10093,0.14198393368588483,Low
10094,0.14025613257237696,Low
10095,0.14130927487514003,Low
10096,0.2198863850477251,Medium
10097,0.6009022479381276,VeryHigh
10098,0.22208816812818807,Medium
10099,0.11422085527505943,Low
10100,0.1152929190322529,Low
10101,0.2750583781111269,Medium
10102,0.11468182856912362,Low
10103,0.11764216822547456,Low
10104,0.11722623822946045,Low
10105,0.21848617851091043,Medium
10106,0.11940694416535928,Low
10107,0.24962626026067491,Medium
10108,0.22055650864125803,Medium
10109,0.5255040000603967,High
10110,0.11364896929247088,Low
10111,0.14154586158076296,Low
10112,0.11603559741554362,Low
10113,0.24489630053386913,Medium
10114,0.1415043133082114,Low
10115,0.1429548914357123,Low
10116,0.11753202464627606,Low
10117,0.5242439520182504,High
10118,0.11371947011834851,Low
10119,0.11603559741554362,Low
10120,0.11335723064146942,Low
10121,0.14195838866828206,Low
10122,0.14164768318088083,Low
10123,0.1159705106429231,Low
10124,0.14124607629449776,Low
10125,0.4478669294496011,High
10126,0.11340169278606796,Low
10127,0.11423991167167857,Low
10128,0.11591622058602999,Low
10129,0.14526137299013356,Low
10130,0.16593384560419666,Medium
10131,0.12055650864125801,Low
10132,0.11447626316163752,Low
10133,0.5267037657889835,High
10134,0.11489767169033817,Low
10135,0.11446841085306984,Low
10136,0.11313457964838518,Low
10137,0.5497086740515585,High
10138,0.16453031968887805,Medium
10139,0.14158255186106372,Low
10140,0.11612360386469411,Low
10141,0.5006858650854968,High
10142,0.1462661944183939,Low
10143,0.1963726910003815,Medium
10144,0.17165968402284515,Medium
10145,0.11630940329380662,Low
10146,0.1471073566890719,Low
10147,0.11387274439838119,Low
10148,0.11059777694209744,Low
10149,0.11826009685511145,Low
10150,0.1140173754816588,Low
10151,0.11663288409218309,Low
10152,0.11375836441108149,Low
10153,0.12073120284199039,Low
10154,0.11479859344464469,Low
10155,0.11108149785870702,Low
10156,0.17128104678432465,Medium
10157,0.21990192835883285,Medium
10158,0.11371387883853874,Low
10159,0.1710860718083526,Medium
10160,0.17096056622231187,Medium
10161,0.1135123632882695,Low
10162,0.14555650864125802,Low
10163,0.11592589607550287,Low
10164,0.11335723064146942,Low
10165,0.47707323982348915,High
10166,0.11450076424878165,Low
10167,0.11406188041551893,Low
10168,0.17165968402284515,Medium
10169,0.11802396203571403,Low
10170,0.1125638253822701,Low
10171,0.16967216310942376,Medium
10172,0.1141059921105384,Low
10173,0.11663732828317892,Low
10174,0.11424878159545644,Low
10175,0.11110683125069147,Low
10176,0.1710451710658202,Medium
10177,0.24458203416324525,Medium
10178,0.1712661944183939,Medium
10179,0.11109581404977648,Low
10180,0.22311234282892825,Medium
10181,0.11799691552023507,Low
10182,0.22242046836297247,Medium
10183,0.22124701272615382,Medium
10184,0.11361568839114868,Low
10185,0.1426354137710394,Low
10186,0.12006244800969149,Low
10187,0.14242654852980863,Low
10188,0.116128823805322,Low
10189,0.22139003663577556,Medium
10190,0.11444934847324423,Low
10191,0.11443580297634433,Low
10192,0.2209661975557854,Medium
10193,0.11898941722300248,Low
10194,0.14566664818030278,Low
10195,0.24596619755578542,Medium
10196,0.1410355974155436,Low
10197,0.19535296712806993,Medium
10198,0.11537995742601091,Low
10199,0.16592589607550287,Medium
10200,0.1159705106429231,Low
10201,0.12056085412484638,Low
10202,0.11311143597385309,Low
10203,0.19668332172985867,Medium
10204,0.44855988760326104,High
10205,0.11931897669452098,Low
10206,0.11474844439856134,Low
10207,0.14424690819960792,Low
10208,0.14092589607550288,Low
10209,0.11761576238933771,Low
10210,0.14308421808177757,Low
10211,0.11428942117085955,Low
10212,0.14697350284096897,Low
10213,0.47530642399558565,High
10214,0.11414860663890918,Low
10215,0.11681147996780454,Low
10216,0.11380784016471465,Low
10217,0.19291869918220428,Medium
10218,0.11681147996780454,Low
10219,0.12066664818030279,Low
10220,0.11593384560419667,Low
10221,0.11777504114902379,Low
10222,0.11210250448929987,Low
10223,0.11339406121207758,Low
10224,0.11599097947818353,Low
10225,0.5241785289139336,High
10226,0.22206253132789183,Medium
10227,0.11504669704900777,Low
10228,0.17060130228892473,Medium
10229,0.2451592393141243,Medium
10230,0.16597051064292312,Medium
10231,0.14154586158076296,Low
10232,0.12062185288640337,Low
10233,0.14458203416324525,Low
10234,0.1179548914357123,Low
10235,0.19772213027496327,Medium
10236,0.12210735668907191,Low
10237,0.11761576238933771,Low
10238,0.10980180804367996,Low
10239,0.1471073566890719,Low
10240,0.11489767169033817,Low
10241,0.11736632949777746,Low
10242,0.11303765662280918,Low
10243,0.11733780018794339,Low
10244,0.17058212725635583,Medium
10245,0.11426852291788168,Low
10246,0.11518525598168872,Low
10247,0.11093404414627991,Low
10248,0.11340169278606796,Low
10249,0.11736632949777746,Low
10250,0.1419406632112559,Low
10251,0.11454363229565215,Low
10252,0.11508718985951229,Low
10253,0.5006858650854968,High
10254,0.12246529934639844,Low
10255,0.11489767169033817,Low
10256,0.11782139604103364,Low
10257,0.11618030851116946,Low
10258,0.3241652320441637,High
10259,0.11277025448756292,Low
10260,0.2727221302749633,Medium
10261,0.16872017930881655,Medium
10262,0.11346655836988757,Low
10263,0.11389767768443192,Low
10264,0.14078718424514494,Low
10265,0.1430416253971496,Low
10266,0.2732418564671774,Medium
10267,0.19295489143571232,Medium
10268,0.12096056622231187,Low
10269,0.4745830423215712,High
10270,0.11540417143535459,Low
10271,0.17091576382693818,Medium
10272,0.1130968277653848,Low
10273,0.1156975525316269,Low
10274,0.13965214005238558,Low
10275,0.19803340519282822,Medium
10276,0.13989767169033818,Low
10277,0.2198827615036626,Medium
10278,0.1109773158940389,Low
10279,0.11472937486108405,Low
10280,0.14596056622231188,Low
10281,0.24350532543963638,Medium
10282,0.12210735668907191,Low
10283,0.11470089690486995,Low
10284,0.19772213027496327,Medium
10285,0.40121599004542874,High
10286,0.11457425080577908,Low
10287,0.1167675753270624,Low
10288,0.1147646290998679,Low
10289,0.11650250271206083,Low
10290,0.11407663231845049,Low
10291,0.19560130228892472,Medium
10292,0.24596056622231188,Medium
10293,0.11953726936670629,Low
10294,0.1197760417337134,Low
10295,0.11250783125893883,Low
10296,0.14037995742601092,Low
10297,0.14359078230738248,Low
10298,0.11843109563801306,Low
10299,0.22259244462983208,Medium
10300,0.11346655836988757,Low
10301,0.1168605835477209,Low
10302,0.11428942117085955,Low
10303,0.19772213027496327,Medium
10304,0.17128104678432465,Medium
10305,0.2702465288433955,Medium
10306,0.1456013022889247,Low
10307,0.11394790350420375,Low
10308,0.14608607180835262,Low
10309,0.14378023480977214,Low
10310,0.11394790350420375,Low
10311,0.11246343103575528,Low
10312,0.14222231017238818,Low
10313,0.14519604260436506,Low
10314,0.14091622058602998,Low
10315,0.11603559741554362,Low
10316,0.11384237598270411,Low
10317,0.24458203416324525,Medium
10318,0.19621568000949818,Medium
10319,0.11479299379917349,Low
10320,0.11335723064146942,Low
10321,0.4757307133979185,High
10322,0.1398785984173207,Low
10323,0.1422453630686274,Low
10324,0.11278968303487802,Low
10325,0.14200305382964254,Low
10326,0.12096056622231187,Low
10327,0.13835723064146943,Low
10328,0.11391672539941124,Low
10329,0.11953726936670629,Low
10330,0.1159705106429231,Low
10331,0.16603559741554363,Medium
10332,0.11406188041551893,Low
10333,0.16850532543963637,Medium
10334,0.11335723064146942,Low
10335,0.14706253132789182,Low
10336,0.11092746655279573,Low
10337,0.19304162539714959,Medium
10338,0.14555650864125802,Low
10339,0.12153004907985514,Low
10340,0.11489767169033817,Low
10341,0.1935053254396364,Medium
10342,0.12168332172985866,Low
10343,0.11467246686783303,Low
10344,0.11412314955960465,Low
10345,0.11762145285804385,Low
10346,0.10992963753110915,Low
10347,0.11273460582771397,Low
10348,0.12108607180835261,Low
10349,0.1168605835477209,Low
10350,0.11335723064146942,Low
10351,0.11680414374788858,Low
10352,0.11495042782688533,Low
10353,0.11784492730642494,Low
10354,0.16530465427659002,Medium
10355,0.11443580297634433,Low
10356,0.2179548914357123,Medium
10357,0.11650250271206083,Low
10358,0.11335723064146942,Low
10359,0.11237849641520728,Low
10360,0.3720625313278918,High
10361,0.24839696668815148,Medium
10362,0.11412021020617612,Low
10363,0.2968576412201101,Medium
10364,0.11271520121932582,Low
10365,0.2965721586662857,Medium
10366,0.1710451710658202,Medium
10367,0.12060130228892471,Low
10368,0.11549426987453205,Low
10369,0.11426852291788168,Low
10370,0.11340169278606796,Low
10371,0.11437428951820572,Low
10372,0.32137269100038146,High
10373,0.14478998068765628,Low
10374,0.11271491078611122,Low
10375,0.11376395605236393,Low
10376,0.11335723064146942,Low
10377,0.5995830423215712,VeryHigh
10378,0.11470089690486995,Low
10379,0.1140173754816588,Low
10380,0.11742654852980863,Low
10381,0.1173869300167943,Low
10382,0.2719930008661815,Medium
10383,0.1143686930618162,Low
10384,0.11467246686783303,Low
10385,0.42727162438970223,High
10386,0.11509693822849917,Low
10387,0.14429559596714198,Low
10388,0.11578153689126837,Low
10389,0.4757307133979185,High
10390,0.11464654149298188,Low
10391,0.14037995742601092,Low
10392,0.11205813385611786,Low
10393,0.16958203416324524,Medium
10394,0.11342209191027312,Low
10395,0.1414167328874042,Low
10396,0.11382825146743704,Low
10397,0.14388676150887045,Low
10398,0.11492984673950055,Low
10399,0.16416472158034215,Medium
10400,0.1725924446298321,Medium
10401,0.11762145285804385,Low
10402,0.12108607180835261,Low
10403,0.11506025348273419,Low
10404,0.13874435566799204,Low
10405,0.5010888058630892,High
10406,0.16997287807515907,Medium
10407,0.16636803201167283,Medium
10408,0.14490555194836172,Low
10409,0.11810685026033904,Low
10410,0.11651854017110591,Low
10411,0.11380784016471465,Low
10412,0.11371387883853874,Low
10413,0.11534677813311298,Low
10414,0.1962661944183939,Medium
10415,0.17287923073833733,Medium
10416,0.11592589607550287,Low
10417,0.14252037082080565,Low
10418,0.11394790350420375,Low
10419,0.11651854017110591,Low
10420,0.1721073566890719,Medium
10421,0.5998697660196818,VeryHigh
10422,0.11467051079893979,Low
10423,0.11401170920498699,Low
10424,0.13974844439856135,Low
10425,0.19590867559129477,Medium
10426,0.11426885829434949,Low
10427,0.14555650864125802,Low
10428,0.12108607180835261,Low
10429,0.26981171501687073,Medium
10430,0.21924690819960793,Medium
10431,0.11525028100492825,Low
10432,0.1111257933150523,Low
10433,0.1429998652563771,Low
10434,0.11742654852980863,Low
10435,0.1379682856764754,Low
10436,0.11446841085306984,Low
10437,0.22488463158227118,Medium
10438,0.11485311617425834,Low
10439,0.11588923294585728,Low
10440,0.11747123461510257,Low
10441,0.2695452457315298,Medium
10442,0.19628104678432465,Medium
10443,0.11747123461510257,Low
10444,0.1127112987975601,Low
10445,0.21952756117482414,Medium
10446,0.11423991167167857,Low
10447,0.14092589607550288,Low
10448,0.1467511218910061,Low
10449,0.11759663065151173,Low
10450,0.11519093117816658,Low
10451,0.11346655836988757,Low
10452,0.16530465427659002,Medium
10453,0.24452756117482413,Medium
10454,0.11509693822849917,Low
10455,0.11498280187840637,Low
10456,0.14644542450084677,Low
10457,0.19391383922945096,Medium
10458,0.11537995742601091,Low
10459,0.11509693822849917,Low
10460,0.11361568839114868,Low
10461,0.14279288202513307,Low
10462,0.11389767768443192,Low
10463,0.1106370252313055,Low
10464,0.11253145171466394,Low
10465,0.11482794984767926,Low
10466,0.1959605662223119,Medium
10467,0.11057246721692819,Low
10468,0.11608465911118726,Low
10469,0.11066037352138698,Low
10470,0.11376395605236393,Low
10471,0.11127390313212866,Low
10472,0.11113950456208281,Low
10473,0.11380723145442002,Low
10474,0.11380224414871182,Low
10475,0.11566068970262887,Low
10476,0.11346801538099359,Low
10477,0.26898283805560486,Medium
10478,0.6726657718906831,VeryHigh
10479,0.114858230342657,Low
10480,0.11806806125138362,Low
10481,0.11462747453783767,Low
10482,0.11345142385145926,Low
10483,0.21893475458220932,Medium
10484,0.11752027638120326,Low
10485,0.11210250448929987,Low
10486,0.16469047542334492,Medium
10487,0.10955943244931658,Low
10488,0.11131760755386208,Low
10489,0.11250431049588248,Low
10490,0.11382825146743704,Low
10491,0.1116858722425339,Low
10492,0.11412053198898008,Low
10493,0.11410577917482433,Low
10494,0.11157937197526688,Low
10495,0.11458756017574658,Low
10496,0.11258228949609957,Low
10497,0.11479521548629133,Low
10498,0.11422645058977052,Low
10499,0.11056314195986558,Low
10500,0.11304051034045443,Low
10501,0.11740539250668633,Low
10502,0.1392685229178817,Low
10503,0.11066037352138698,Low
10504,0.11551972644756474,Low
10505,0.11210189739238936,Low
10506,0.11649744837963777,Low
10507,0.11454159611557019,Low
10508,0.1974461083900555,Medium
10509,0.11307583066105266,Low
10510,0.1684861785109104,Medium
10511,0.11456005152474102,Low
10512,0.11825276024850508,Low
10513,0.11472936400348768,Low
10514,0.11391663136558082,Low
10515,0.1176655357658806,Low
10516,0.14138306953860774,Low
10517,0.1166769230542027,Low
10518,0.13926791381093204,Low
10519,0.11138057741814267,Low
10520,0.11145115052787126,Low
10521,0.11695838866828207,Low
10522,0.1117973010759796,Low
10523,0.11422972496418649,Low
10524,0.11371387883853874,Low
10525,0.11456564943547978,Low
10526,0.11466635985894343,Low
10527,0.1123594935391887,Low
10528,0.11349589225450406,Low
10529,0.11668197836769982,Low
10530,0.11221997675085359,Low
10531,0.11057246721692819,Low
10532,0.11308209715447684,Low
10533,0.11565657920400627,Low
10534,0.11068128466096763,Low
10535,0.11206174199846881,Low
10536,0.11271491078611122,Low
10537,0.11709768036784911,Low
10538,0.11092746655279573,Low
10539,0.1111257933150523,Low
10540,0.11306307304715198,Low
10541,0.11663732828317892,Low
10542,0.11279947112032983,Low
10543,0.11277902532226387,Low
10544,0.11475400126879426,Low
10545,0.11608465911118726,Low
10546,0.11296828567647539,Low
10547,0.11248765727746436,Low
10548,0.11057246721692819,Low
10549,0.11486451275005098,Low
10550,0.11109581404977648,Low
10551,0.11452718946538143,Low
10552,0.11244325850473795,Low
10553,0.13968542780252086,Low
10554,0.11439838013595938,Low
10555,0.1130968277653848,Low
10556,0.11061672131950895,Low
10557,0.11601956865223784,Low
10558,0.11416002107557899,Low
10559,0.11439838013595938,Low
10560,0.11061672131950895,Low
10561,0.11636396206562402,Low
10562,0.11061672131950895,Low
10563,0.11387222965902974,Low
10564,0.11097174965257746,Low
10565,0.19313338213791187,Medium
10566,0.1111257933150523,Low
10567,0.11391672539941124,Low
10568,0.11258644579739992,Low
10569,0.13799060825827625,Low
10570,0.11059777694209744,Low
10571,0.11068128466096763,Low
10572,0.11258644579739992,Low
10573,0.1172944884139934,Low
10574,0.11145115052787126,Low
10575,0.11452718946538143,Low
10576,0.11306307304715198,Low
10577,0.11705301087598394,Low
10578,0.11391672539941124,Low
10579,0.11248765727746436,Low
10580,0.11242289051558176,Low
10581,0.11532669277876474,Low
10582,0.11145115052787126,Low
10583,0.11061672131950895,Low
10584,0.11339406121207758,Low
10585,0.11420358235352145,Low
10586,0.11246051798022767,Low
10587,0.11325257045250986,Low
10588,0.11107685300935344,Low
10589,0.11771044588310116,Low
10590,0.11068128466096763,Low
10591,0.11286291278588222,Low
10592,0.11334382298425374,Low
10593,0.11783255728333217,Low
10594,0.11092746655279573,Low
10595,0.11415442627900158,Low
10596,0.11122395487184598,Low
10597,0.1926354137710394,Medium
10598,0.11157937197526688,Low
10599,0.13644386927013413,Low
10600,0.11160532545292781,Low
10601,0.11727143439121437,Low
10602,0.11206174199846881,Low
10603,0.11242425362367578,Low
10604,0.11237849641520728,Low
10605,0.11415906856155032,Low
10606,0.11258644579739992,Low
10607,0.11061672131950895,Low
10608,0.11296828567647539,Low
10609,0.11666286466792117,Low
10610,0.1121061128992353,Low
10611,0.11242289051558176,Low
10612,0.1355724672169282,Low
10613,0.11650250271206083,Low
10614,0.1109330323453909,Low
10615,0.10932390366556723,Low
10616,0.11097174965257746,Low
10617,0.14004833803485683,Low
10618,0.11045869215493172,Low
10619,0.11057246721692819,Low
10620,0.11339406121207758,Low
10621,0.1685729434715701,Medium
10622,0.11122395487184598,Low
10623,0.11216667943185285,Low
10624,0.11097174965257746,Low
10625,0.11601956865223784,Low
10626,0.11391672539941124,Low
10627,0.1129034693916104,Low
10628,0.11173358122995061,Low
10629,0.11532669277876474,Low
10630,0.11077455425997693,Low
10631,0.11097174965257746,Low
10632,0.1109773158940389,Low
10633,0.11783255728333217,Low
10634,0.11325987328508631,Low
10635,0.11391672539941124,Low
10636,0.11274018878862577,Low
10637,0.14198977339580132,Low
10638,0.11158494423285123,Low
10639,0.13830062636557397,Low
10640,0.11192366777447449,Low
10641,0.11420358235352145,Low
10642,0.11068128466096763,Low
10643,0.11318772578590518,Low
10644,0.11097174965257746,Low
10645,0.11663164347802797,Low
10646,0.1109773158940389,Low
10647,0.11112968527707284,Low
10648,0.11192366777447449,Low
10649,0.11608465911118726,Low
10650,0.10932390366556723,Low
10651,0.11188184849615827,Low
10652,0.1129034693916104,Low
10653,0.164521722851235,Medium
10654,0.11303199856362994,Low
10655,0.11461964216739193,Low
10656,0.1123594935391887,Low
10657,0.11426852291788168,Low
10658,0.11188184849615827,Low
10659,0.11336943964773953,Low
10660,0.111973623677629,Low
10661,0.11527933863644295,Low
10662,0.11308209715447684,Low
10663,0.11278968303487802,Low
10664,0.11097174965257746,Low
10665,0.11504833803485684,Low
10666,0.11128858965216715,Low
10667,0.1121061128992353,Low
10668,0.11258644579739992,Low
10669,0.11426852291788168,Low
10670,0.11109581404977648,Low
10671,0.2093050070673729,Medium
10672,0.11122395487184598,Low
10673,0.19860919521459358,Medium
10674,0.11242289051558176,Low
10675,0.11097114375139465,Low
10676,0.11457111637320748,Low
10677,0.10992963753110915,Low
10678,0.11208104930314587,Low
10679,0.11487928073414108,Low
10680,0.11271491078611122,Low
10681,0.11173021486664002,Low
10682,0.11294729274807068,Low
10683,0.11113950456208281,Low
10684,0.11756444948913622,Low
10685,0.11123481853744181,Low
10686,0.11425305376922482,Low
10687,0.13461008089091062,Low
10688,0.11343232847066932,Low
10689,0.1132654607941693,Low
10690,0.11667766423266307,Low
10691,0.11277066760348133,Low
10692,0.11242289051558176,Low
10693,0.10936744600168463,Low
10694,0.11387222965902974,Low
10695,0.21337502808043768,Medium
10696,0.11248765727746436,Low
10697,0.11303199856362994,Low
10698,0.11059777694209744,Low
10699,0.11066037352138698,Low
10700,0.11520936828557192,Low
10701,0.11373570077703449,Low
10702,0.11479794145295859,Low
10703,0.14250124082740742,Low
10704,0.11369182527920078,Low
10705,0.11391611659386039,Low
10706,0.10936744600168463,Low
10707,0.11242228309813455,Low
10708,0.11282842386526923,Low
10709,0.11466635985894343,Low
10710,0.11242228309813455,Low
10711,0.11145115052787126,Low
10712,0.11066037352138698,Low
10713,0.11116043401189254,Low
10714,0.11554891307374851,Low
10715,0.10936744600168463,Low
10716,0.11277841755797641,Low
10717,0.11072494210140267,Low
10718,0.11271491078611122,Low
10719,0.11277902532226387,Low
10720,0.11271491078611122,Low
10721,0.11431243432921064,Low
10722,0.11246668036019737,Low
10723,0.1093050070673729,Low
10724,0.11301297592781478,Low
10725,0.11109581404977648,Low
10726,0.1135252464402456,Low
10727,0.11672601964274312,Low
10728,0.11354412997523093,Low
10729,0.11278460867549998,Low
10730,0.11214987993906467,Low
10731,0.11349589225450406,Low
10732,0.11301297592781478,Low
10733,0.11332479128972071,Low
10734,0.11389767768443192,Low
10735,0.11061611581447026,Low
10736,0.11456066087458894,Low
10737,0.1126302471939038,Low
10738,0.11208711856908203,Low
10739,0.11308209715447684,Low
10740,0.11120412959202215,Low
10741,0.11308148910287326,Low
10742,0.11504833803485684,Low
10743,0.11306307304715198,Low
10744,0.2163130328994283,Medium
10745,0.13992322812659816,Low
10746,0.11112518724506577,Low
10747,0.11068067908315202,Low
10748,0.11345142385145926,Low
10749,0.11396061512677993,Low
10750,0.10932329968673134,Low
10751,0.11547574595475275,Low
10752,0.11242289051558176,Low
10753,0.11253145171466394,Low
10754,0.11551163667996903,Low
10755,0.1133884726198196,Low
10756,0.11444229937428571,Low
10757,0.11092746655279573,Low
10758,0.11128858965216715,Low
10759,0.11294729274807068,Low
10760,0.1169706535135592,Low
10761,0.11246668036019737,Low
10762,0.11102099705168238,Low
10763,0.11303199856362994,Low
10764,0.11061672131950895,Low
10765,0.11072494210140267,Low
10766,0.11685452560965763,Low
10767,0.11752037082080564,Low
10768,0.11656762838386515,Low
10769,0.11246668036019737,Low
10770,0.112017381011039,Low
10771,0.11206174199846881,Low
10772,0.16210611289923532,Medium
10773,0.11055352440714591,Low
10774,0.11097670998672406,Low
10775,0.1181081251925932,Low
10776,0.14138306953860774,Low
10777,0.11323156834862884,Low
10778,0.11472936400348768,Low
10779,0.11604003864967725,Low
10780,0.10936744600168463,Low
10781,0.11101543036884688,Low
10782,0.11456564943547978,Low
10783,0.1129034693916104,Low
10784,0.11600046904746714,Low
10785,0.11092746655279573,Low
10786,0.11396061512677993,Low
10787,0.11373570077703449,Low
10788,0.167145678518267,Medium
10789,0.13688184849615828,Low
10790,0.11095279287303896,Low
10791,0.11237849641520728,Low
10792,0.11323156834862884,Low
10793,0.11391672539941124,Low
10794,0.19313338213791187,Medium
10795,0.111609220712223,Low
10796,0.11490845929741302,Low
10797,0.11308209715447684,Low
10798,0.1162878219333639,Low
10799,0.1141845269199996,Low
10800,0.11323156834862884,Low
10801,0.11246668036019737,Low
10802,0.11756444948913622,Low
10803,0.11122395487184598,Low
10804,0.11870677835820803,Low
10805,0.11396061512677993,Low
10806,0.11122959592364111,Low
10807,0.11126765541055485,Low
10808,0.16367278375708766,Medium
10809,0.1157451720464651,Low
10810,0.11131760755386208,Low
10811,0.11072494210140267,Low
10812,0.11162309983702833,Low
10813,0.11308209715447684,Low
10814,0.11173021486664002,Low
10815,0.1117973010759796,Low
10816,0.11133229521295664,Low
10817,0.11600046904746714,Low
10818,0.11387222965902974,Low
10819,0.11387222965902974,Low
10820,0.11133229521295664,Low
10821,0.10978289330486517,Low
10822,0.11248704979619961,Low
10823,0.11450203404824807,Low
10824,0.11680584399219385,Low
10825,0.1392843430882884,Low
10826,0.11068067908315202,Low
10827,0.11314066423619452,Low
10828,0.11303199856362994,Low
10829,0.11246668036019737,Low
10830,0.11771044588310116,Low
10831,0.11294729274807068,Low
10832,0.11206174199846881,Low
10833,0.11114147076713367,Low
10834,0.11349589225450406,Low
10835,0.11307583066105266,Low
10836,0.1146045897599734,Low
10837,0.1157451720464651,Low
10838,0.11108149785870702,Low
10839,0.11248765727746436,Low
10840,0.13620412959202216,Low
10841,0.11537066518880867,Low
10842,0.11373937482249113,Low
10843,0.11246051798022767,Low
10844,0.11444229937428571,Low
10845,0.1123594935391887,Low
10846,0.1123594935391887,Low
10847,0.11068067908315202,Low
10848,0.11998794486555464,Low
10849,0.11396061512677993,Low
10850,0.11457111637320748,Low
10851,0.11330372064977204,Low
10852,0.11308209715447684,Low
10853,0.11248765727746436,Low
10854,0.11343232847066932,Low
10855,0.11637684842251682,Low
10856,0.11294926492096223,Low
10857,0.1112732969015983,Low
10858,0.11377764217088969,Low
10859,0.11303199856362994,Low
10860,0.11059777694209744,Low
10861,0.11457111637320748,Low
10862,0.11122395487184598,Low
10863,0.11501633882093082,Low
10864,0.14306956377801194,Low
10865,0.11168647891119156,Low
10866,0.11120498947024501,Low
10867,0.11066037352138698,Low
10868,0.11117337844868055,Low
10869,0.10992963753110915,Low
10870,0.14033831406934033,Low
10871,0.14095585292589674,Low
10872,0.11771044588310116,Low
10873,0.11144326285749195,Low
10874,0.11066037352138698,Low
10875,0.11396061512677993,Low
10876,0.10952489709407084,Low
10877,0.11396061512677993,Low
10878,0.11351629987970246,Low
10879,0.11253145171466394,Low
10880,0.11308209715447684,Low
10881,0.11061611581447026,Low
10882,0.11057246721692819,Low
10883,0.19214628972571912,Medium
10884,0.11396061512677993,Low
10885,0.11288445055919868,Low
10886,0.13936233401668105,Low
10887,0.11362766061110137,Low
10888,0.11444229937428571,Low
10889,0.11353975512210238,Low
10890,0.11114147076713367,Low
10891,0.11097174965257746,Low
10892,0.11303199856362994,Low
10893,0.11756444948913622,Low
10894,0.11861360138054053,Low
10895,0.11240388626400447,Low
10896,0.11122395487184598,Low
10897,0.11663164347802797,Low
10898,0.11457111637320748,Low
10899,0.10932329968673134,Low
10900,0.11248765727746436,Low
10901,0.113125932633647,Low
10902,0.11330930852951626,Low
10903,0.1160635775682952,Low
10904,0.11164905528186411,Low
10905,0.1173000237827745,Low
10906,0.11307583066105266,Low
10907,0.11246668036019737,Low
10908,0.11565657920400627,Low
10909,0.11294729274807068,Low
10910,0.11424748981481347,Low
10911,0.11285154329736845,Low
10912,0.11457111637320748,Low
10913,0.11479435080759813,Low
10914,0.11396061512677993,Low
10915,0.13643217749302583,Low
10916,0.11206174199846881,Low
10917,0.11406957984035386,Low
10918,0.11097174965257746,Low
10919,0.11109906811325894,Low
10920,0.11271491078611122,Low
10921,0.11116043401189254,Low
10922,0.11468542780252086,Low
10923,0.11095279287303896,Low
10924,0.11240388626400447,Low
10925,0.11118400737037062,Low
10926,0.11282284012644438,Low
10927,0.11431243432921064,Low
10928,0.1113349012313518,Low
10929,0.11240600308917939,Low
10930,0.11246668036019737,Low
10931,0.11294662373632515,Low
10932,0.11095279287303896,Low
10933,0.1123594935391887,Low
10934,0.11396061512677993,Low
10935,0.11489020585090656,Low
10936,0.11242289051558176,Low
10937,0.11504273657303067,Low
10938,0.11277902532226387,Low
10939,0.11061672131950895,Low
10940,0.11356316789873509,Low
10941,0.11601956865223784,Low
10942,0.11303199856362994,Low
10943,0.11122395487184598,Low
10944,0.11109581404977648,Low
10945,0.11366820309210975,Low
10946,0.11276001021105023,Low
10947,0.11204274907769383,Low
10948,0.1130968277653848,Low
10949,0.11605068496950742,Low
10950,0.1130968277653848,Low
10951,0.11057246721692819,Low
10952,0.11296828567647539,Low
10953,0.11517725759338811,Low
10954,0.11145115052787126,Low
10955,0.11278460867549998,Low
10956,0.11277902532226387,Low
10957,0.11650250271206083,Low
10958,0.11068128466096763,Low
10959,0.1109773158940389,Low
10960,0.11097174965257746,Low
10961,0.11716525848102413,Low
10962,0.11068128466096763,Low
10963,0.1129034693916104,Low
10964,0.11273460582771397,Low
10965,0.11608465911118726,Low
10966,0.13777902532226388,Low
10967,0.11143192411447679,Low
10968,0.11242289051558176,Low
10969,0.1160573844134161,Low
10970,0.11237849641520728,Low
10971,0.11508426229465954,Low
10972,0.11303765662280918,Low
10973,0.11650250271206083,Low
10974,0.11269589760694117,Low
10975,0.11237849641520728,Low
10976,0.1111257933150523,Low
10977,0.11633282389413849,Low
10978,0.11488287177880306,Low
10979,0.11068128466096763,Low
10980,0.11122395487184598,Low
10981,0.17019698709362613,Medium
10982,0.1123241529079313,Low
10983,0.11303199856362994,Low
10984,0.11206174199846881,Low
10985,0.13968542780252086,Low
10986,0.11109581404977648,Low
10987,0.11318772578590518,Low
10988,0.11271491078611122,Low
10989,0.14070117956799863,Low
10990,0.11092746655279573,Low
10991,0.11277902532226387,Low
10992,0.11439838013595938,Low
10993,0.1183610960261147,Low
10994,0.11242289051558176,Low
10995,0.11242289051558176,Low
10996,0.111456721538101,Low
10997,0.11451612527200496,Low
10998,0.11391672539941124,Low
10999,0.11488287177880306,Low
11000,0.11122959592364111,Low
11001,0.11420358235352145,Low
11002,0.11349589225450406,Low
11003,0.11116043401189254,Low
11004,0.11242289051558176,Low
11005,0.11601956865223784,Low
11006,0.11234315468541799,Low
11007,0.1123594935391887,Low
11008,0.11061672131950895,Low
11009,0.14101956865223783,Low
11010,0.11097174965257746,Low
11011,0.11439838013595938,Low
11012,0.11109581404977648,Low
11013,0.11451612527200496,Low
11014,0.11439838013595938,Low
11015,0.11122959592364111,Low
11016,0.1129411256593155,Low
11017,0.1173869300167943,Low
11018,0.11303765662280918,Low
11019,0.1129034693916104,Low
11020,0.1130696623441449,Low
11021,0.16752037082080565,Medium
11022,0.1111257933150523,Low
11023,0.11109581404977648,Low
11024,0.11221997675085359,Low
11025,0.14097495154252784,Low
11026,0.11271491078611122,Low
11027,0.13771491078611123,Low
11028,0.11248765727746436,Low
11029,0.16642479685935854,Medium
11030,0.11175356008453204,Low
11031,0.11061672131950895,Low
11032,0.1129411256593155,Low
11033,0.11452172285123499,Low
11034,0.1129034693916104,Low
11035,0.10932390366556723,Low
11036,0.11127390313212866,Low
11037,0.11638306953860775,Low
11038,0.1129034693916104,Low
11039,0.11452718946538143,Low
11040,0.11308209715447684,Low
11041,0.11517165521156149,Low
11042,0.11308209715447684,Low
11043,0.11277902532226387,Low
11044,0.11248765727746436,Low
11045,0.11800404981341615,Low
11046,0.11308209715447684,Low
11047,0.113803214625048,Low
11048,0.11325257045250986,Low
11049,0.11481995916436866,Low
11050,0.11158494423285123,Low
11051,0.11061672131950895,Low
11052,0.11061672131950895,Low
11053,0.16570117956799862,Medium
11054,0.11206174199846881,Low
11055,0.11391672539941124,Low
11056,0.11122395487184598,Low
11057,0.13964476636913403,Low
11058,0.11439838013595938,Low
11059,0.11387222965902974,Low
11060,0.11491487100212759,Low
11061,0.11709768036784911,Low
11062,0.11109581404977648,Low
11063,0.1106370252313055,Low
11064,0.11249756162882898,Low
11065,0.11698977339580133,Low
11066,0.11273460582771397,Low
11067,0.11286291278588222,Low
11068,0.1639772579470099,Medium
11069,0.11451612527200496,Low
11070,0.11057246721692819,Low
11071,0.11391672539941124,Low
11072,0.11173358122995061,Low
11073,0.11608465911118726,Low
11074,0.11061672131950895,Low
11075,0.11097174965257746,Low
11076,0.11391672539941124,Low
11077,0.13920358235352145,Low
11078,0.11452718946538143,Low
11079,0.11369182527920078,Low
11080,0.10932390366556723,Low
11081,0.16570117956799862,Medium
11082,0.11097174965257746,Low
11083,0.11057246721692819,Low
11084,0.11287056114944011,Low
11085,0.16456625878991665,Medium
11086,0.11303765662280918,Low
11087,0.11369182527920078,Low
11088,0.11314327804614292,Low
11089,0.11436233401668104,Low
11090,0.11242289051558176,Low
11091,0.11242425362367578,Low
11092,0.10992963753110915,Low
11093,0.14017725759338812,Low
11094,0.1133884726198196,Low
11095,0.11308209715447684,Low
11096,0.11205199318640383,Low
11097,0.11669677823504426,Low
11098,0.1111257933150523,Low
11099,0.11276559339651429,Low
11100,0.11109581404977648,Low
11101,0.11481428667871484,Low
11102,0.1121061128992353,Low
11103,0.11057246721692819,Low
11104,0.11312425215016102,Low
11105,0.18951612527200495,Medium
11106,0.11097174965257746,Low
11107,0.11122395487184598,Low
11108,0.1109773158940389,Low
11109,0.11608465911118726,Low
11110,0.11387222965902974,Low
11111,0.11145115052787126,Low
11112,0.11109581404977648,Low
11113,0.26184205471209016,Medium
11114,0.11208711856908203,Low
11115,0.11452718946538143,Low
11116,0.11387222965902974,Low
11117,0.11415906856155032,Low
11118,0.11122395487184598,Low
11119,0.11122395487184598,Low
11120,0.11273460582771397,Low
11121,0.14209768036784912,Low
11122,0.11303199856362994,Low
11123,0.11273460582771397,Low
11124,0.11439838013595938,Low
11125,0.21570117956799864,Medium
11126,0.11242289051558176,Low
11127,0.11273460582771397,Low
11128,0.11113525310789268,Low
11129,0.11604003864967725,Low
11130,0.11122959592364111,Low
11131,0.12114210842489383,Low
11132,0.11339406121207758,Low
11133,0.1418605835477209,Low
11134,0.1141059921105384,Low
11135,0.11116043401189254,Low
11136,0.11248765727746436,Low
11137,0.14146943663796788,Low
11138,0.11277902532226387,Low
11139,0.11145115052787126,Low
11140,0.11242289051558176,Low
11141,0.16618393758925076,Medium
11142,0.11109581404977648,Low
11143,0.11248765727746436,Low
11144,0.11282613524554225,Low
11145,0.11426852291788168,Low
11146,0.11109581404977648,Low
11147,0.11097174965257746,Low
11148,0.11391672539941124,Low
11149,0.13956625878991666,Low
11150,0.1111257933150523,Low
11151,0.13803199856362994,Low
11152,0.11356316789873509,Low
11153,0.11570117956799864,Low
11154,0.11439838013595938,Low
11155,0.1099335207628392,Low
11156,0.1113349012313518,Low
11157,0.11601956865223784,Low
11158,0.11373376399784814,Low
11159,0.1129034693916104,Low
11160,0.11109581404977648,Low
11161,0.11338374006283444,Low
11162,0.11288445055919868,Low
11163,0.11345142385145926,Low
11164,0.11296828567647539,Low
11165,0.13920358235352145,Low
11166,0.16166749810359554,Medium
11167,0.11237849641520728,Low
11168,0.11057246721692819,Low
11169,0.16631303289942828,Medium
11170,0.11116043401189254,Low
11171,0.1130968277653848,Low
11172,0.11056314195986558,Low
11173,0.13956625878991666,Low
11174,0.1121061128992353,Low
11175,0.11391672539941124,Low
11176,0.11325257045250986,Low
11177,0.14150250271206083,Low
11178,0.11138196187288546,Low
11179,0.11237849641520728,Low
11180,0.11303765662280918,Low
11181,0.11698977339580133,Low
11182,0.11173747735147653,Low
11183,0.11242289051558176,Low
11184,0.11379755008475428,Low
11185,0.11601956865223784,Low
11186,0.11145115052787126,Low
11187,0.11127390313212866,Low
11188,0.11468325184475033,Low
11189,0.11415906856155032,Low
11190,0.11057246721692819,Low
11191,0.11097174965257746,Low
11192,0.11325987328508631,Low
11193,0.11608465911118726,Low
11194,0.11296828567647539,Low
11195,0.11437931957623892,Low
11196,0.11057246721692819,Low
11197,0.11597495154252783,Low
11198,0.11274526279160008,Low
11199,0.11339406121207758,Low
11200,0.11308209715447684,Low
11201,0.11456625878991665,Low
11202,0.11258644579739992,Low
11203,0.11166309323971624,Low
11204,0.11122395487184598,Low
11205,0.11637745913247062,Low
11206,0.11157937197526688,Low
11207,0.13771491078611123,Low
11208,0.11127390313212866,Low
11209,0.11532769394798108,Low
11210,0.11452718946538143,Low
11211,0.11271491078611122,Low
11212,0.11369182527920078,Low
11213,0.11519774887290536,Low
11214,0.11157937197526688,Low
11215,0.11122959592364111,Low
11216,0.11061672131950895,Low
11217,0.11663164347802797,Low
11218,0.1129034693916104,Low
11219,0.11174030425192544,Low
11220,0.11286291278588222,Low
11221,0.11707412070786646,Low
11222,0.11287331312997843,Low
11223,0.11109581404977648,Low
11224,0.11282613524554225,Low
11225,0.16565657920400628,Medium
11226,0.11325384322597354,Low
11227,0.11391672539941124,Low
11228,0.11097174965257746,Low
11229,0.14101956865223783,Low
11230,0.11277902532226387,Low
11231,0.11258644579739992,Low
11232,0.11237849641520728,Low
11233,0.14027933863644296,Low
11234,0.11127390313212866,Low
11235,0.1117347304988885,Low
11236,0.11057246721692819,Low
11237,0.16565657920400628,Medium
11238,0.11068128466096763,Low
11239,0.11303199856362994,Low
11240,0.11468325184475033,Low
11241,0.11285837227576195,Low
11242,0.13773460582771396,Low
11243,0.11173358122995061,Low
11244,0.11439838013595938,Low
11245,0.11426852291788168,Low
11246,0.11387222965902974,Low
11247,0.13955762226106708,Low
11248,0.11116043401189254,Low
11249,0.1402558275524946,Low
11250,0.11127390313212866,Low
11251,0.1109773158940389,Low
11252,0.11277902532226387,Low
11253,0.1172944884139934,Low
11254,0.11242289051558176,Low
11255,0.11439838013595938,Low
11256,0.11246865102776474,Low
11257,0.1172944884139934,Low
11258,0.11387222965902974,Low
11259,0.11158494423285123,Low
11260,0.1123594935391887,Low
11261,0.14253430510083379,Low
11262,0.11296828567647539,Low
11263,0.13773460582771396,Low
11264,0.11258644579739992,Low
11265,0.11487928073414108,Low
11266,0.11325987328508631,Low
11267,0.11128858965216715,Low
11268,0.11204274907769383,Low
11269,0.11420358235352145,Low
11270,0.11097174965257746,Low
11271,0.16466713618053208,Medium
11272,0.11116043401189254,Low
11273,0.11570117956799864,Low
11274,0.11387222965902974,Low
11275,0.11092746655279573,Low
11276,0.11343238908649647,Low
11277,0.11608465911118726,Low
11278,0.1133884726198196,Low
11279,0.11059777694209744,Low
11280,0.11248765727746436,Low
11281,0.11415906856155032,Low
11282,0.11277902532226387,Low
11283,0.11092746655279573,Low
11284,0.10992963753110915,Low
11285,0.14471247163694925,Low
11286,0.11168647891119156,Low
11287,0.11339406121207758,Low
11288,0.11158494423285123,Low
11289,0.11456066087458894,Low
11290,0.11127390313212866,Low
11291,0.11356316789873509,Low
11292,0.11226435931299705,Low
11293,0.11646175151945924,Low
11294,0.11258644579739992,Low
11295,0.11248765727746436,Low
11296,0.10927976126901132,Low
11297,0.1168605835477209,Low
11298,0.11244325850473795,Low
11299,0.11258644579739992,Low
11300,0.13737849641520727,Low
11301,0.11517165521156149,Low
11302,0.11156039468847273,Low
11303,0.11128858965216715,Low
11304,0.10992963753110915,Low
11305,0.11451612527200496,Low
11306,0.11334382298425374,Low
11307,0.11108149785870702,Low
11308,0.11116043401189254,Low
11309,0.16420358235352145,Medium
11310,0.11122395487184598,Low
11311,0.11109581404977648,Low
11312,0.10980180804367996,Low
11313,0.1149989227239626,Low
11314,0.13803199856362994,Low
11315,0.11221022537124373,Low
11316,0.11356316789873509,Low
11317,0.11714613517813946,Low
11318,0.11122395487184598,Low
11319,0.11387222965902974,Low
11320,0.11125378494849755,Low
11321,0.11669677823504426,Low
11322,0.1152943434301329,Low
11323,0.10932390366556723,Low
11324,0.11206174199846881,Low
11325,0.14137745913247063,Low
11326,0.11057246721692819,Low
11327,0.11325987328508631,Low
11328,0.11258644579739992,Low
11329,0.11654033896299787,Low
11330,0.11092746655279573,Low
11331,0.11188184849615827,Low
11332,0.10892978033249318,Low
11333,0.11656762838386515,Low
11334,0.11391672539941124,Low
11335,0.11122395487184598,Low
11336,0.11274018878862577,Low
11337,0.11467103091171095,Low
11338,0.11369182527920078,Low
11339,0.11296828567647539,Low
11340,0.13706174199846882,Low
11341,0.11481428667871484,Low
11342,0.111318423158634,Low
11343,0.11242289051558176,Low
11344,0.1123594935391887,Low
11345,0.11534677813311298,Low
11346,0.13903127710550356,Low
11347,0.11308209715447684,Low
11348,0.11061672131950895,Low
11349,0.11481428667871484,Low
11350,0.11095279287303896,Low
11351,0.11122395487184598,Low
11352,0.11387222965902974,Low
11353,0.14300404981341616,Low
11354,0.11108149785870702,Low
11355,0.11274018878862577,Low
11356,0.11273460582771397,Low
11357,0.14300404981341616,Low
11358,0.1130968277653848,Low
11359,0.11308209715447684,Low
11360,0.11145115052787126,Low
11361,0.11552340926493039,Low
11362,0.11475400126879426,Low
11363,0.1385631678987351,Low
11364,0.11145115052787126,Low
11365,0.11456066087458894,Low
11366,0.11237849641520728,Low
11367,0.11277902532226387,Low
11368,0.1129034693916104,Low
11369,0.11608465911118726,Low
11370,0.11242289051558176,Low
11371,0.11325987328508631,Low
11372,0.11125493604150491,Low
11373,0.11486451275005098,Low
11374,0.11173358122995061,Low
11375,0.11303765662280918,Low
11376,0.11303199856362994,Low
11377,0.11486451275005098,Low
11378,0.11369182527920078,Low
11379,0.11188184849615827,Low
11380,0.11126962206607849,Low
11381,0.21747568261247407,Medium
11382,0.1129034693916104,Low
11383,0.11303765662280918,Low
11384,0.11278460867549998,Low
11385,0.16800404981341616,Medium
11386,0.11427211101674369,Low
11387,0.11286291278588222,Low
11388,0.11160532545292781,Low
11389,0.11415906856155032,Low
11390,0.11362826916226737,Low
11391,0.11128858965216715,Low
11392,0.11303199856362994,Low
11393,0.19252037082080564,Medium
11394,0.11452718946538143,Low
11395,0.1111257933150523,Low
11396,0.11097174965257746,Low
11397,0.11604003864967725,Low
11398,0.13737849641520727,Low
11399,0.11145115052787126,Low
11400,0.1111257933150523,Low
11401,0.11456066087458894,Low
11402,0.11277902532226387,Low
11403,0.11303199856362994,Low
11404,0.11139954873042088,Low
11405,0.1129028004256044,Low
11406,0.11248765727746436,Low
11407,0.10932390366556723,Low
11408,0.11068128466096763,Low
11409,0.14313338213791185,Low
11410,0.11242289051558176,Low
11411,0.1371061128992353,Low
11412,0.13771491078611123,Low
11413,0.14032669277876475,Low
11414,0.11109581404977648,Low
11415,0.11061672131950895,Low
11416,0.11242289051558176,Low
11417,0.16456625878991665,Medium
11418,0.11057246721692819,Low
11419,0.1121061128992353,Low
11420,0.10903824542328099,Low
11421,0.11650250271206083,Low
11422,0.11068128466096763,Low
11423,0.11258644579739992,Low
11424,0.1117347304988885,Low
11425,0.13968542780252086,Low
11426,0.11092746655279573,Low
11427,0.11354428383213001,Low
11428,0.11258644579739992,Low
11429,0.11471557574896188,Low
11430,0.11277902532226387,Low
11431,0.13921744721881466,Low
11432,0.11242289051558176,Low
11433,0.1168605835477209,Low
11434,0.11277902532226387,Low
11435,0.11335147700031245,Low
11436,0.11242289051558176,Low
11437,0.11637745913247062,Low
11438,0.11439838013595938,Low
11439,0.11242289051558176,Low
11440,0.11354428383213001,Low
11441,0.14101956865223783,Low
11442,0.11061672131950895,Low
11443,0.11157937197526688,Low
11444,0.11216647635397667,Low
11445,0.11404462164374787,Low
11446,0.11097174965257746,Low
11447,0.13873937482249113,Low
11448,0.11061672131950895,Low
11449,0.11481428667871484,Low
11450,0.13657937197526687,Low
11451,0.11242289051558176,Low
11452,0.11391672539941124,Low
11453,0.11604003864967725,Low
11454,0.11386245335625375,Low
11455,0.1392721110167437,Low
11456,0.1111257933150523,Low
11457,0.11415906856155032,Low
11458,0.11242289051558176,Low
11459,0.11188184849615827,Low
11460,0.11271491078611122,Low
11461,0.11663732828317892,Low
11462,0.11273460582771397,Low
11463,0.11122959592364111,Low
11464,0.11242289051558176,Low
11465,0.24313338213791186,Medium
11466,0.11271491078611122,Low
11467,0.11369182527920078,Low
11468,0.11452718946538143,Low
11469,0.13956625878991666,Low
11470,0.11369182527920078,Low
11471,0.11277902532226387,Low
11472,0.11258644579739992,Low
11473,0.11456625878991665,Low
11474,0.11248765727746436,Low
11475,0.1129034693916104,Low
11476,0.11308209715447684,Low
11477,0.1129028004256044,Low
11478,0.10980180804367996,Low
11479,0.11122959592364111,Low
11480,0.11269589760694117,Low
11481,0.19246586389806927,Medium
11482,0.1132654607941693,Low
11483,0.11068128466096763,Low
11484,0.11242289051558176,Low
11485,0.11669677823504426,Low
11486,0.11475400126879426,Low
11487,0.11145115052787126,Low
11488,0.11157937197526688,Low
11489,0.14118393758925074,Low
11490,0.11439838013595938,Low
11491,0.11376481797040724,Low
11492,0.11325987328508631,Low
11493,0.1396551936314563,Low
11494,0.11244325850473795,Low
11495,0.11258644579739992,Low
11496,0.10932390366556723,Low
11497,0.14168197836769983,Low
11498,0.11246051798022767,Low
11499,0.11109581404977648,Low
11500,0.11439838013595938,Low
11501,0.11570117956799864,Low
11502,0.11363868159127953,Low
11503,0.11206174199846881,Low
11504,0.11221997675085359,Low
11505,0.11487928073414108,Low
11506,0.1138531831594255,Low
11507,0.11452718946538143,Low
11508,0.11188184849615827,Low
11509,0.11420358235352145,Low
11510,0.11422759298223897,Low
11511,0.11221476707124306,Low
11512,0.11289899025317061,Low
11513,0.13952636204224347,Low
11514,0.11242289051558176,Low
11515,0.11116043401189254,Low
11516,0.11387222965902974,Low
11517,0.13981995916436865,Low
11518,0.11157937197526688,Low
11519,0.11057246721692819,Low
11520,0.11122395487184598,Low
11521,0.1419449196097029,Low
11522,0.11188184849615827,Low
11523,0.11242289051558176,Low
11524,0.11439421262927633,Low
11525,0.11669677823504426,Low
11526,0.11391672539941124,Low
11527,0.111456721538101,Low
11528,0.11175356008453204,Low
11529,0.11686619687453786,Low
11530,0.10927976126901132,Low
11531,0.11116043401189254,Low
11532,0.11318772578590518,Low
11533,0.11456066087458894,Low
11534,0.1109773158940389,Low
11535,0.1109773158940389,Low
11536,0.11116043401189254,Low
11537,0.13920358235352145,Low
11538,0.1132654607941693,Low
11539,0.11237849641520728,Low
11540,0.1121061128992353,Low
11541,0.14252037082080565,Low
11542,0.11325987328508631,Low
11543,0.11145115052787126,Low
11544,0.11201829515127038,Low
11545,0.16740636722243027,Medium
11546,0.1379034693916104,Low
11547,0.1133884726198196,Low
11548,0.11273460582771397,Low
11549,0.11698977339580133,Low
11550,0.11061672131950895,Low
11551,0.11303199856362994,Low
11552,0.11303199856362994,Low
11553,0.11420358235352145,Low
11554,0.11168647891119156,Low
11555,0.11277902532226387,Low
11556,0.1118589615914755,Low
11557,0.14133282389413848,Low
11558,0.11248765727746436,Low
11559,0.11452718946538143,Low
11560,0.1141059921105384,Low
11561,0.11415906856155032,Low
11562,0.11241612116243188,Low
11563,0.11168647891119156,Low
11564,0.11122395487184598,Low
11565,0.11467103091171095,Low
11566,0.11122395487184598,Low
11567,0.1133884726198196,Low
11568,0.11191171272930173,Low
11569,0.16752037082080565,Medium
11570,0.11391672539941124,Low
11571,0.11277902532226387,Low
11572,0.1109773158940389,Low
11573,0.14163732828317893,Low
11574,0.11128858965216715,Low
11575,0.10927976126901132,Low
11576,0.11112968527707284,Low
11577,0.11414968846562851,Low
11578,0.11057246721692819,Low
11579,0.11452718946538143,Low
11580,0.11303765662280918,Low
11581,0.11534677813311298,Low
11582,0.11294926492096223,Low
11583,0.11092746655279573,Low
11584,0.11127390313212866,Low
11585,0.11608465911118726,Low
11586,0.11116043401189254,Low
11587,0.1129034693916104,Low
11588,0.11369182527920078,Low
11589,0.11426852291788168,Low
11590,0.11439838013595938,Low
11591,0.11308209715447684,Low
11592,0.11077455425997693,Low
11593,0.11481428667871484,Low
11594,0.1121061128992353,Low
11595,0.11439838013595938,Low
11596,0.11237849641520728,Low
11597,0.11517165521156149,Low
11598,0.11145115052787126,Low
11599,0.11057246721692819,Low
11600,0.11354428383213001,Low
11601,0.11481428667871484,Low
11602,0.11158494423285123,Low
11603,0.1130968277653848,Low
11604,0.11439838013595938,Low
11605,0.1179998652563771,Low
11606,0.11206174199846881,Low
11607,0.11068128466096763,Low
11608,0.11308209715447684,Low
11609,0.11471557574896188,Low
11610,0.11204274907769383,Low
11611,0.1379034693916104,Low
11612,0.11334382298425374,Low
11613,0.1670818108061617,Medium
11614,0.11325987328508631,Low
11615,0.1121061128992353,Low
11616,0.1148637988738207,Low
11617,0.11426852291788168,Low
11618,0.11109581404977648,Low
11619,0.11246051798022767,Low
11620,0.1121061128992353,Low
11621,0.1168605835477209,Low
11622,0.11248765727746436,Low
11623,0.11324643135363462,Low
11624,0.11273460582771397,Low
11625,0.11456066087458894,Low
11626,0.11128858965216715,Low
11627,0.11153485310554873,Low
11628,0.1121061128992353,Low
11629,0.1138616266992322,Low
11630,0.11248765727746436,Low
11631,0.11057246721692819,Low
11632,0.11242289051558176,Low
11633,0.1687740745100753,Medium
11634,0.11208711856908203,Low
11635,0.11244325850473795,Low
11636,0.11242289051558176,Low
11637,0.11600046904746714,Low
11638,0.11061672131950895,Low
11639,0.11061672131950895,Low
11640,0.11286291278588222,Low
11641,0.13915906856155033,Low
11642,0.1132810162896862,Low
11643,0.11349589225450406,Low
11644,0.11122395487184598,Low
11645,0.19298491120572658,Medium
11646,0.11242289051558176,Low
11647,0.11061672131950895,Low
11648,0.11157937197526688,Low
11649,0.21813338213791186,Medium
11650,0.11439838013595938,Low
11651,0.11103642112802802,Low
11652,0.11183997517330854,Low
11653,0.1147194895786373,Low
11654,0.1130968277653848,Low
11655,0.11139954873042088,Low
11656,0.11258228949609957,Low
11657,0.1172753626404785,Low
11658,0.11376140223385288,Low
11659,0.1392843430882884,Low
11660,0.11122959592364111,Low
11661,0.11369099882643151,Low
11662,0.11128858965216715,Low
11663,0.11206174199846881,Low
11664,0.11061672131950895,Low
11665,0.11420358235352145,Low
11666,0.11277902532226387,Low
11667,0.11308209715447684,Low
11668,0.11391672539941124,Low
11669,0.11468542780252086,Low
11670,0.1106370252313055,Low
11671,0.11221997675085359,Low
11672,0.11145115052787126,Low
11673,0.11481428667871484,Low
11674,0.11296828567647539,Low
11675,0.11431025528509244,Low
11676,0.11308209715447684,Low
11677,0.11633282389413849,Low
11678,0.11068128466096763,Low
11679,0.11387222965902974,Low
11680,0.11108149785870702,Low
11681,0.11475041083132942,Low
11682,0.11277902532226387,Low
11683,0.11222034533497906,Low
11684,0.1130696623441449,Low
11685,0.11481428667871484,Low
11686,0.10932390366556723,Low
11687,0.1121061128992353,Low
11688,0.11488287177880306,Low
11689,0.14252037082080565,Low
11690,0.11206174199846881,Low
11691,0.11391672539941124,Low
11692,0.11122395487184598,Low
11693,0.16813338213791185,Medium
11694,0.11097174965257746,Low
11695,0.11109581404977648,Low
11696,0.11122395487184598,Low
11697,0.11668197836769982,Low
11698,0.11391055248712897,Low
11699,0.11116043401189254,Low
11700,0.11216647635397667,Low
11701,0.11783255728333217,Low
11702,0.11061672131950895,Low
11703,0.11439838013595938,Low
11704,0.11348009402758147,Low
11705,0.16747568261247406,Medium
11706,0.11068128466096763,Low
11707,0.16277902532226388,Medium
11708,0.11303199856362994,Low
11709,0.11527933863644295,Low
11710,0.11242289051558176,Low
11711,0.11273460582771397,Low
11712,0.1378705611494401,Low
11713,0.11824534813529193,Low
11714,0.11164213962976584,Low
11715,0.11248765727746436,Low
11716,0.11273460582771397,Low
11717,0.11486451275005098,Low
11718,0.11349589225450406,Low
11719,0.11242289051558176,Low
11720,0.11068128466096763,Low
11721,0.11451612527200496,Low
11722,0.11242289051558176,Low
11723,0.11237849641520728,Low
11724,0.11057246721692819,Low
11725,0.16558172300744678,Medium
11726,0.12021710413556382,Low
11727,0.11308209715447684,Low
11728,0.11325987328508631,Low
11729,0.11486451275005098,Low
11730,0.11248765727746436,Low
11731,0.11286291278588222,Low
11732,0.11160532545292781,Low
11733,0.14150250271206083,Low
11734,0.11242289051558176,Low
11735,0.11397725794700991,Low
11736,0.11188898090879987,Low
11737,0.11597495154252783,Low
11738,0.13737849641520727,Low
11739,0.11109581404977648,Low
11740,0.13737849641520727,Low
11741,0.11481428667871484,Low
11742,0.11188184849615827,Low
11743,0.13737849641520727,Low
11744,0.11057246721692819,Low
11745,0.1650354154934594,Medium
11746,0.11325987328508631,Low
11747,0.11277902532226387,Low
11748,0.11109581404977648,Low
11749,0.11663164347802797,Low
11750,0.11439838013595938,Low
11751,0.11097174965257746,Low
11752,0.111456721538101,Low
11753,0.11617976076599491,Low
11754,0.1129034693916104,Low
11755,0.11271491078611122,Low
11756,0.11452718946538143,Low
11757,0.1422944884139934,Low
11758,0.11347243853854641,Low
11759,0.11237849641520728,Low
11760,0.11325987328508631,Low
11761,0.11468542780252086,Low
11762,0.11242289051558176,Low
11763,0.11122959592364111,Low
11764,0.10932390366556723,Low
11765,0.11608465911118726,Low
11766,0.11248765727746436,Low
11767,0.11114147076713367,Low
11768,0.11248765727746436,Low
11769,0.14156762838386516,Low
11770,0.1111257933150523,Low
11771,0.11127390313212866,Low
11772,0.11303765662280918,Low
11773,0.11698136965133923,Low
11774,0.11308209715447684,Low
11775,0.11244325850473795,Low
11776,0.11308209715447684,Low
11777,0.14163164347802798,Low
11778,0.10992963753110915,Low
11779,0.11244325850473795,Low
11780,0.1111257933150523,Low
11781,0.11597495154252783,Low
11782,0.11237849641520728,Low
11783,0.11175356008453204,Low
11784,0.11248765727746436,Low
11785,0.11467103091171095,Low
11786,0.11173358122995061,Low
11787,0.11068128466096763,Low
11788,0.11127390313212866,Low
11789,0.1129028004256044,Low
11790,0.10932390366556723,Low
11791,0.11109581404977648,Low
11792,0.11057246721692819,Low
11793,0.11486451275005098,Low
11794,0.11107685300935344,Low
11795,0.10980180804367996,Low
11796,0.11308209715447684,Low
11797,0.11420358235352145,Low
11798,0.11303765662280918,Low
11799,0.1130968277653848,Low
11800,0.11068128466096763,Low
11801,0.1422944884139934,Low
11802,0.11108149785870702,Low
11803,0.11061672131950895,Low
11804,0.11242289051558176,Low
11805,0.1129028004256044,Low
11806,0.11188184849615827,Low
11807,0.10927976126901132,Low
11808,0.11822279881290573,Low
11809,0.11481995916436866,Low
11810,0.10992963753110915,Low
11811,0.1130968277653848,Low
11812,0.1129034693916104,Low
11813,0.11475041083132942,Low
11814,0.11296828567647539,Low
11815,0.1111257933150523,Low
11816,0.13749756162882898,Low
11817,0.1172944884139934,Low
11818,0.11188184849615827,Low
11819,0.11356316789873509,Low
11820,0.11068128466096763,Low
11821,0.11481995916436866,Low
11822,0.11244325850473795,Low
11823,0.11128858965216715,Low
11824,0.11116043401189254,Low
11825,0.11604003864967725,Low
11826,0.11296828567647539,Low
11827,0.1129034693916104,Low
11828,0.11068128466096763,Low
11829,0.11426852291788168,Low
11830,0.11127390313212866,Low
11831,0.1128544877690035,Low
11832,0.11244325850473795,Low
11833,0.11486451275005098,Low
11834,0.11068128466096763,Low
11835,0.11127390313212866,Low
11836,0.11296828567647539,Low
11837,0.14205084411028887,Low
11838,0.10932390366556723,Low
11839,0.11242289051558176,Low
11840,0.11127390313212866,Low
11841,0.11596554961581107,Low
11842,0.11127390313212866,Low
11843,0.11108149785870702,Low
11844,0.11188184849615827,Low
11845,0.11663732828317892,Low
11846,0.11160532545292781,Low
11847,0.10932390366556723,Low
11848,0.11308209715447684,Low
11849,0.11468542780252086,Low
11850,0.13675356008453204,Low
11851,0.11248765727746436,Low
11852,0.1130968277653848,Low
11853,0.14156762838386516,Low
11854,0.11068128466096763,Low
11855,0.11173358122995061,Low
11856,0.11320811831947632,Low
11857,0.11426852291788168,Low
11858,0.11296828567647539,Low
11859,0.11122959592364111,Low
11860,0.11068128466096763,Low
11861,0.1129028004256044,Low
11862,0.11068128466096763,Low
11863,0.11369182527920078,Low
11864,0.11004031655107362,Low
11865,0.14169677823504426,Low
11866,0.11369182527920078,Low
11867,0.11369850022841267,Low
11868,0.11068128466096763,Low
11869,0.11426852291788168,Low
11870,0.1130968277653848,Low
11871,0.11083913646697317,Low
11872,0.11303765662280918,Low
11873,0.11547574595475275,Low
11874,0.11175356008453204,Low
11875,0.11237849641520728,Low
11876,0.10991071803519144,Low
11877,0.11601956865223784,Low
11878,0.11061672131950895,Low
11879,0.11248765727746436,Low
11880,0.1130968277653848,Low
11881,0.11534677813311298,Low
11882,0.11248765727746436,Low
11883,0.11356316789873509,Low
11884,0.11068128466096763,Low
11885,0.11669677823504426,Low
11886,0.11122395487184598,Low
11887,0.11122395487184598,Low
11888,0.11308209715447684,Low
11889,0.14169677823504426,Low
11890,0.10945145559889212,Low
11891,0.1106370252313055,Low
11892,0.11122959592364111,Low
11893,0.11745105243169329,Low
11894,0.11061672131950895,Low
11895,0.11308209715447684,Low
11896,0.11248765727746436,Low
11897,0.1129028004256044,Low
11898,0.11127390313212866,Low
11899,0.11188184849615827,Low
11900,0.113803214625048,Low
11901,0.11547574595475275,Low
11902,0.11240388626400447,Low
11903,0.11068128466096763,Low
11904,0.11248765727746436,Low
11905,0.11564677985281988,Low
11906,0.11109581404977648,Low
11907,0.11344926686328277,Low
11908,0.11125378494849755,Low
11909,0.11663732828317892,Low
11910,0.1115863473104073,Low
11911,0.11175356008453204,Low
11912,0.11109581404977648,Low
11913,0.11420358235352145,Low
11914,0.11061808013627161,Low
11915,0.11308209715447684,Low
11916,0.10981124424976538,Low
11917,0.11456066087458894,Low
11918,0.11128858965216715,Low
11919,0.11261885609016124,Low
11920,0.11057246721692819,Low
11921,0.11420358235352145,Low
11922,0.11066233800513739,Low
11923,0.11122959592364111,Low
11924,0.11347685622892796,Low
11925,0.11415906856155032,Low
11926,0.11109581404977648,Low
11927,0.13612968527707284,Low
11928,0.11242289051558176,Low
11929,0.11380063515600135,Low
11930,0.11244325850473795,Low
11931,0.13737849641520727,Low
11932,0.11068128466096763,Low
11933,0.11481428667871484,Low
11934,0.11248765727746436,Low
11935,0.11277902532226387,Low
11936,0.11068128466096763,Low
11937,0.1168605835477209,Low
11938,0.11286291278588222,Low
11939,0.11097174965257746,Low
11940,0.11347685622892796,Low
11941,0.11570117956799864,Low
11942,0.11296828567647539,Low
11943,0.11296828567647539,Low
11944,0.11391672539941124,Low
11945,0.11456066087458894,Low
11946,0.1121061128992353,Low
11947,0.11248765727746436,Low
11948,0.1121061128992353,Low
11949,0.11523476135546434,Low
11950,0.11122395487184598,Low
11951,0.11237849641520728,Low
11952,0.11097174965257746,Low
11953,0.11601956865223784,Low
11954,0.11387222965902974,Low
11955,0.11427211101674369,Low
11956,0.11391672539941124,Low
11957,0.11527933863644295,Low
11958,0.11244325850473795,Low
11959,0.11164213962976584,Low
11960,0.11061672131950895,Low
11961,0.11285837227576195,Low
11962,0.1136688728331163,Low
11963,0.11116043401189254,Low
11964,0.11303765662280918,Low
11965,0.14138306953860774,Low
11966,0.11061672131950895,Low
11967,0.11325987328508631,Low
11968,0.10928363945498365,Low
11969,0.11452172285123499,Low
11970,0.1123594935391887,Low
11971,0.11415442627900158,Low
11972,0.11248765727746436,Low
11973,0.11663164347802797,Low
11974,0.11122395487184598,Low
11975,0.11242289051558176,Low
11976,0.11345142385145926,Low
11977,0.13925939634750045,Low
11978,0.1121061128992353,Low
11979,0.11389767768443192,Low
11980,0.11128858965216715,Low
11981,0.11608465911118726,Low
11982,0.11248765727746436,Low
11983,0.11369182527920078,Low
11984,0.1106370252313055,Low
11985,0.11471557574896188,Low
11986,0.10926086637471792,Low
11987,0.10932390366556723,Low
11988,0.11369182527920078,Low
11989,0.11471557574896188,Low
11990,0.11068128466096763,Low
11991,0.11296828567647539,Low
11992,0.11127390313212866,Low
11993,0.11663732828317892,Low
11994,0.11175356008453204,Low
11995,0.11127390313212866,Low
11996,0.11057246721692819,Low
11997,0.11608465911118726,Low
11998,0.11175356008453204,Low
11999,0.11127390313212866,Low
12000,0.1130968277653848,Low
